{"head": {"optimistic": {"adjusted_arithmetic_mean_rank": 0.016530168408556107, "inverse_arithmetic_mean_rank": 0.0012442760192424797, "adjusted_inverse_harmonic_mean_rank": 0.02406355057293592, "median_absolute_deviation": 352.11802689508045, "variance": 2573088.93432796, "adjusted_geometric_mean_rank_index": 0.993517202189209, "z_arithmetic_mean_rank": 170.34372341528896, "adjusted_arithmetic_mean_rank_index": 0.9834900601056237, "count": 10000.0, "arithmetic_mean_rank": 803.6802, "harmonic_mean_rank": 41.34860241739867, "z_geometric_mean_rank": 99.39502646774426, "geometric_mean_rank": 232.92033188381225, "z_inverse_harmonic_mean_rank": 585.2565960067969, "median_rank": 271.5, "inverse_median_rank": 0.003683241252302026, "standard_deviation": 1604.0850770230238, "inverse_harmonic_mean_rank": 0.024184614268346342, "inverse_geometric_mean_rank": 0.004293313477240065, "hits_at_1": 0.0049, "hits_at_3": 0.0159, "hits_at_5": 0.0261, "hits_at_10": 0.0498, "z_hits_at_k": 490.08301449496156, "adjusted_hits_at_k": 0.04970226993853302}, "realistic": {"adjusted_arithmetic_mean_rank": 0.016530175442682933, "inverse_arithmetic_mean_rank": 0.001244275481440127, "adjusted_inverse_harmonic_mean_rank": 0.024063550867614414, "median_absolute_deviation": 352.11802689508045, "variance": 2573091.25, "adjusted_geometric_mean_rank_index": 0.9935172021339048, "z_arithmetic_mean_rank": 170.34372219692992, "adjusted_arithmetic_mean_rank_index": 0.9834900530713522, "count": 10000.0, "arithmetic_mean_rank": 803.6805419921875, "harmonic_mean_rank": 41.348601913647315, "z_geometric_mean_rank": 99.39502646221143, "geometric_mean_rank": 232.9203338623047, "z_inverse_harmonic_mean_rank": 585.2566031737581, "median_rank": 271.5, "inverse_median_rank": 0.003683241317048669, "standard_deviation": 1604.0858154296875, "inverse_harmonic_mean_rank": 0.02418461456298828, "inverse_geometric_mean_rank": 0.0042933132499456406, "hits_at_1": 0.0049, "hits_at_3": 0.0159, "hits_at_5": 0.0261, "hits_at_10": 0.0498, "z_hits_at_k": 490.08301449496156, "adjusted_hits_at_k": 0.04970226993853302}, "pessimistic": {"adjusted_arithmetic_mean_rank": 0.01653018280622061, "inverse_arithmetic_mean_rank": 0.0012442749354874554, "adjusted_inverse_harmonic_mean_rank": 0.024063548097651263, "median_absolute_deviation": 352.11802689508045, "variance": 2573094.05487519, "adjusted_geometric_mean_rank_index": 0.993517197137567, "z_arithmetic_mean_rank": 170.34372092151466, "adjusted_arithmetic_mean_rank_index": 0.9834900457076631, "count": 10000.0, "arithmetic_mean_rank": 803.6809, "harmonic_mean_rank": 41.34860664888544, "z_geometric_mean_rank": 99.39502596235987, "geometric_mean_rank": 232.92051260493378, "z_inverse_harmonic_mean_rank": 585.2565358046805, "median_rank": 271.5, "inverse_median_rank": 0.003683241252302026, "standard_deviation": 1604.0866731181297, "inverse_harmonic_mean_rank": 0.02418461179336874, "inverse_geometric_mean_rank": 0.004293310146093237, "hits_at_1": 0.0049, "hits_at_3": 0.0159, "hits_at_5": 0.0261, "hits_at_10": 0.0498, "z_hits_at_k": 490.08301449496156, "adjusted_hits_at_k": 0.04970226993853302}}, "tail": {"optimistic": {"adjusted_arithmetic_mean_rank": 0.029927692216280232, "inverse_arithmetic_mean_rank": 0.000687268124325704, "adjusted_inverse_harmonic_mean_rank": 0.01663754092979607, "median_absolute_deviation": 567.8366496876455, "variance": 6878432.36928956, "adjusted_geometric_mean_rank_index": 0.9887844592704048, "z_arithmetic_mean_rank": 168.02318026050295, "adjusted_arithmetic_mean_rank_index": 0.9700922609798038, "count": 10000.0, "arithmetic_mean_rank": 1455.0362, "harmonic_mean_rank": 59.66755431257828, "z_geometric_mean_rank": 98.92154694058823, "geometric_mean_rank": 402.2279164122185, "z_inverse_harmonic_mean_rank": 404.64393615428475, "median_rank": 438.0, "inverse_median_rank": 0.00228310502283105, "standard_deviation": 2622.676565894003, "inverse_harmonic_mean_rank": 0.016759527209064675, "inverse_geometric_mean_rank": 0.0024861526492735075, "hits_at_1": 0.0032, "hits_at_3": 0.0111, "hits_at_5": 0.0185, "hits_at_10": 0.034, "z_hits_at_k": 334.27096845723366, "adjusted_hits_at_k": 0.03390064363489466}, "realistic": {"adjusted_arithmetic_mean_rank": 0.029927703388268178, "inverse_arithmetic_mean_rank": 0.0006872678641229868, "adjusted_inverse_harmonic_mean_rank": 0.01663754130866902, "median_absolute_deviation": 567.8366496876455, "variance": 6878437.5, "adjusted_geometric_mean_rank_index": 0.9887844604348268, "z_arithmetic_mean_rank": 168.02317832543798, "adjusted_arithmetic_mean_rank_index": 0.9700922498075861, "count": 10000.0, "arithmetic_mean_rank": 1455.0367431640625, "harmonic_mean_rank": 59.667552963875714, "z_geometric_mean_rank": 98.92154705708118, "geometric_mean_rank": 402.2278747558594, "z_inverse_harmonic_mean_rank": 404.64394536890615, "median_rank": 438.0, "inverse_median_rank": 0.0022831049282103777, "standard_deviation": 2622.677490234375, "inverse_harmonic_mean_rank": 0.016759527587890625, "inverse_geometric_mean_rank": 0.002486152807250619, "hits_at_1": 0.0032, "hits_at_3": 0.0111, "hits_at_5": 0.0185, "hits_at_10": 0.034, "z_hits_at_k": 334.27096845723366, "adjusted_hits_at_k": 0.03390064363489466}, "pessimistic": {"adjusted_arithmetic_mean_rank": 0.029927714841464018, "inverse_arithmetic_mean_rank": 0.0006872676047548747, "adjusted_inverse_harmonic_mean_rank": 0.01663754081091099, "median_absolute_deviation": 567.8366496876455, "variance": 6878443.88330871, "adjusted_geometric_mean_rank_index": 0.9887844559998665, "z_arithmetic_mean_rank": 168.02317634166587, "adjusted_arithmetic_mean_rank_index": 0.9700922383541547, "count": 10000.0, "arithmetic_mean_rank": 1455.0373, "harmonic_mean_rank": 59.66755473578247, "z_geometric_mean_rank": 98.92154661339183, "geometric_mean_rank": 402.22803341337976, "z_inverse_harmonic_mean_rank": 404.6439332628642, "median_rank": 438.0, "inverse_median_rank": 0.00228310502283105, "standard_deviation": 2622.6787609825014, "inverse_harmonic_mean_rank": 0.01675952709019434, "inverse_geometric_mean_rank": 0.0024861519260948057, "hits_at_1": 0.0032, "hits_at_3": 0.0111, "hits_at_5": 0.0185, "hits_at_10": 0.034, "z_hits_at_k": 334.27096845723366, "adjusted_hits_at_k": 0.03390064363489466}}, "both": {"optimistic": {"adjusted_arithmetic_mean_rank": 0.023228888502587995, "inverse_arithmetic_mean_rank": 0.0008854586613883886, "adjusted_inverse_harmonic_mean_rank": 0.020350545754003076, "median_absolute_deviation": 446.2632677701862, "variance": 4831826.81149276, "adjusted_geometric_mean_rank_index": 0.9914718306186346, "z_arithmetic_mean_rank": 239.26154235449368, "adjusted_arithmetic_mean_rank_index": 0.9767912023542631, "count": 20000.0, "arithmetic_mean_rank": 1129.3582, "harmonic_mean_rank": 48.84703715434858, "z_geometric_mean_rank": 140.27142499785978, "geometric_mean_rank": 306.0834196484157, "z_inverse_harmonic_mean_rank": 699.9649806899654, "median_rank": 343.0, "inverse_median_rank": 0.0029154518950437317, "standard_deviation": 2198.1416722979343, "inverse_harmonic_mean_rank": 0.0204720707387055, "inverse_geometric_mean_rank": 0.0032670832061032743, "hits_at_1": 0.00405, "hits_at_3": 0.0135, "hits_at_5": 0.0223, "hits_at_10": 0.0419, "z_hits_at_k": 582.9059476067208, "adjusted_hits_at_k": 0.04180145679178638}, "realistic": {"adjusted_arithmetic_mean_rank": 0.02322889760563247, "inverse_arithmetic_mean_rank": 0.0008854583138599992, "adjusted_inverse_harmonic_mean_rank": 0.020350545327744697, "median_absolute_deviation": 446.2632677701862, "variance": 4831831.0, "adjusted_geometric_mean_rank_index": 0.991471828481715, "z_arithmetic_mean_rank": 239.26154012468936, "adjusted_arithmetic_mean_rank_index": 0.9767911932510314, "count": 20000.0, "arithmetic_mean_rank": 1129.358642578125, "harmonic_mean_rank": 48.84703817128901, "z_geometric_mean_rank": 140.27142469553272, "geometric_mean_rank": 306.08349609375, "z_inverse_harmonic_mean_rank": 699.9649660286417, "median_rank": 343.0,