{
    "head": {
        "optimistic": {
            "adjusted_arithmetic_mean_rank": 0.8445944485058878,
            "inverse_arithmetic_mean_rank": 0.00021842509131151728,
            "adjusted_inverse_harmonic_mean_rank": 0.0032842324959357783,
            "median_absolute_deviation": 4224.675021631712,
            "variance": 10654472.875142042,
            "adjusted_geometric_mean_rank_index": 0.32907510708524623,
            "z_arithmetic_mean_rank": 26.91951376376332,
            "adjusted_arithmetic_mean_rank_index": 0.15543422609643964,
            "count": 10000.0,
            "arithmetic_mean_rank": 4578.2286,
            "harmonic_mean_rank": 238.5735096018352,
            "z_geometric_mean_rank": 32.97952566700958,
            "geometric_mean_rank": 2677.420123656458,
            "z_inverse_harmonic_mean_rank": 26.710689314580566,
            "median_rank": 4249.5,
            "inverse_median_rank": 0.00023532180256500765,
            "standard_deviation": 3264.119004439336,
            "inverse_harmonic_mean_rank": 0.0041915802038077895,
            "inverse_geometric_mean_rank": 0.00037349386865529914,
            "hits_at_1": 0.0008,
            "hits_at_3": 0.0033,
            "hits_at_5": 0.0053,
            "hits_at_10": 0.0081,
            "z_hits_at_k": 23.642527708023493,
            "adjusted_hits_at_k": 0.007184139060319615
        },
        "realistic": {
            "adjusted_arithmetic_mean_rank": 0.8445947932540455,
            "inverse_arithmetic_mean_rank": 0.00021842500427737832,
            "adjusted_inverse_harmonic_mean_rank": 0.0032842321105026996,
            "median_absolute_deviation": 4224.675021631712,
            "variance": 10654476.0,
            "adjusted_geometric_mean_rank_index": 0.32907466805851504,
            "z_arithmetic_mean_rank": 26.91945404612332,
            "adjusted_arithmetic_mean_rank_index": 0.15543388128467084,
            "count": 10000.0,
            "arithmetic_mean_rank": 4578.23046875,
            "harmonic_mean_rank": 238.57353151968402,
            "z_geometric_mean_rank": 32.97948166825964,
            "geometric_mean_rank": 2677.421875,
            "z_inverse_harmonic_mean_rank": 26.71068617985024,
            "median_rank": 4249.5,
            "inverse_median_rank": 0.00023532180057372898,
            "standard_deviation": 3264.119384765625,
            "inverse_harmonic_mean_rank": 0.0041915798187255856,
            "inverse_geometric_mean_rank": 0.00037349361809901893,
            "hits_at_1": 0.0008,
            "hits_at_3": 0.0033,
            "hits_at_5": 0.0053,
            "hits_at_10": 0.0081,
            "z_hits_at_k": 23.642527708023493,
            "adjusted_hits_at_k": 0.007184139060319615
        },
        "pessimistic": {
            "adjusted_arithmetic_mean_rank": 0.8445952048764277,
            "inverse_arithmetic_mean_rank": 0.0002184248957026584,
            "adjusted_inverse_harmonic_mean_rank": 0.0032842319296114367,
            "median_absolute_deviation": 4224.675021631712,
            "variance": 10654477.84615071,
            "adjusted_geometric_mean_rank_index": 0.32907432687817195,
            "z_arithmetic_mean_rank": 26.91938274445951,
            "adjusted_arithmetic_mean_rank_index": 0.1554334695863382,
            "count": 10000.0,
            "arithmetic_mean_rank": 4578.2327,
            "harmonic_mean_rank": 238.57354180615948,
            "z_geometric_mean_rank": 32.97944747556126,
            "geometric_mean_rank": 2677.4232360196097,
            "z_inverse_harmonic_mean_rank": 26.710684708660143,
            "median_rank": 4249.5,
            "inverse_median_rank": 0.00023532180256500765,
            "standard_deviation": 3264.119765901783,
            "inverse_harmonic_mean_rank": 0.004191579637998995,
            "inverse_geometric_mean_rank": 0.00037349343448839624,
            "hits_at_1": 0.0008,
            "hits_at_3": 0.0033,
            "hits_at_5": 0.0053,
            "hits_at_10": 0.0081,
            "z_hits_at_k": 23.642527708023493,
            "adjusted_hits_at_k": 0.007184139060319615
        }
    },
    "tail": {
        "optimistic": {
            "adjusted_arithmetic_mean_rank": 0.9091034803005568,
            "inverse_arithmetic_mean_rank": 0.00020297509116068036,
            "adjusted_inverse_harmonic_mean_rank": 0.0020868959479823333,
            "median_absolute_deviation": 4017.1107110409284,
            "variance": 9960490.52947359,
            "adjusted_geometric_mean_rank_index": 0.1698856938217349,
            "z_arithmetic_mean_rank": 15.745186932719406,
            "adjusted_arithmetic_mean_rank_index": 0.09091329550818816,
            "count": 10000.0,
            "arithmetic_mean_rank": 4926.7129,
            "harmonic_mean_rank": 333.830507291259,
            "z_geometric_mean_rank": 17.025754091851766,
            "geometric_mean_rank": 3311.6467968319857,
            "z_inverse_harmonic_mean_rank": 16.970684371784095,
            "median_rank": 4740.0,
            "inverse_median_rank": 0.0002109704641350211,
            "standard_deviation": 3156.02448176081,
            "inverse_harmonic_mean_rank": 0.0029955320983517074,
            "inverse_geometric_mean_rank": 0.0003019645696988665,
            "hits_at_1": 0.0006,
            "hits_at_3": 0.0033,
            "hits_at_5": 0.0043,
            "hits_at_10": 0.0053,
            "z_hits_at_k": 14.416914502779996,
            "adjusted_hits_at_k": 0.004381330195898862
        },
        "realistic": {
            "adjusted_arithmetic_mean_rank": 0.9091037488714544,
            "inverse_arithmetic_mean_rank": 0.00020297503215260804,
            "adjusted_inverse_harmonic_mean_rank": 0.0020868955035838947,
            "median_absolute_deviation": 4017.1107110409284,
            "variance": 9960492.0,
            "adjusted_geometric_mean_rank_index": 0.16988497635917732,
            "z_arithmetic_mean_rank": 15.745140410597315,
            "adjusted_arithmetic_mean_rank_index": 0.09091302688772329,
            "count": 10000.0,
            "arithmetic_mean_rank": 4926.71435546875,
            "harmonic_mean_rank": 333.83055677118165,
            "z_geometric_mean_rank": 17.025682188557255,
            "geometric_mean_rank": 3311.649658203125,
            "z_inverse_harmonic_mean_rank": 16.970680757926083,
            "median_rank": 4740.0,
            "inverse_median_rank": 0.00021097046555951238,
            "standard_deviation": 3156.024658203125,
            "inverse_harmonic_mean_rank": 0.00299553165435791,
            "inverse_geometric_mean_rank": 0.0003019643190782517,
            "hits_at_1": 0.0006,
            "hits_at_3": 0.0033,
            "hits_at_5": 0.0043,
            "hits_at_10": 0.0053,
            "z_hits_at_k": 14.416914502779996,
            "adjusted_hits_at_k": 0.004381330195898862
        },
        "pessimistic": {
            "adjusted_arithmetic_mean_rank": 0.9091039416139612,
            "inverse_arithmetic_mean_rank": 0.00020297498816351355,
            "adjusted_inverse_harmonic_mean_rank": 0.002086895253620874,
            "median_absolute_deviation": 4017.1107110409284,
            "variance": 9960492.281602839,
            "adjusted_geometric_mean_rank_index": 0.16988498056685808,
            "z_arithmetic_mean_rank": 15.745107023545671,
            "adjusted_arithmetic_mean_rank_index": 0.09091283410964401,
            "count": 10000.0,
            "arithmetic_mean_rank": 4926.7154,
            "harmonic_mean_rank": 333.8305846024087,
            "z_geometric_mean_rank": 17.025682610246307,
            "geometric_mean_rank": 3311.649641422129,
            "z_inverse_harmonic_mean_rank": 16.970678725221227,
            "median_rank": 4740.0,
            "inverse_median_rank": 0.0002109704641350211,
            "standard_deviation": 3156.024759345661,
            "inverse_harmonic_mean_rank": 0.0029955314046224892,
            "inverse_geometric_mean_rank": 0.0003019643103219602,
            "hits_at_1": 0.0006,