{
    "head": {
        "optimistic": {
            "adjusted_arithmetic_mean_rank": 0.8410035028697522,
            "inverse_arithmetic_mean_rank": 0.00021935875206981437,
            "adjusted_inverse_harmonic_mean_rank": 0.004134063598259983,
            "median_absolute_deviation": 4295.098627010729,
            "variance": 10613507.82493916,
            "adjusted_geometric_mean_rank_index": 0.3484415635577828,
            "z_arithmetic_mean_rank": 27.541541134929105,
            "adjusted_arithmetic_mean_rank_index": 0.15902583445136675,
            "count": 10000.0,
            "arithmetic_mean_rank": 4558.7422,
            "harmonic_mean_rank": 198.38744847420497,
            "z_geometric_mean_rank": 34.920409798692006,
            "geometric_mean_rank": 2600.15231211598,
            "z_inverse_harmonic_mean_rank": 33.6222943664179,
            "median_rank": 4320.0,
            "inverse_median_rank": 0.0002314814814814815,
            "standard_deviation": 3257.837906486319,
            "inverse_harmonic_mean_rank": 0.005040641470470968,
            "inverse_geometric_mean_rank": 0.00038459285455712754,
            "hits_at_1": 0.001,
            "hits_at_3": 0.0044,
            "hits_at_5": 0.0065,
            "hits_at_10": 0.0093,
            "z_hits_at_k": 27.595216506730367,
            "adjusted_hits_at_k": 0.008385242800500618
        },
        "realistic": {
            "adjusted_arithmetic_mean_rank": 0.8410038608791223,
            "inverse_arithmetic_mean_rank": 0.00021935865515843034,
            "adjusted_inverse_harmonic_mean_rank": 0.004134062767291339,
            "median_absolute_deviation": 4295.098627010729,
            "variance": 10613513.0,
            "adjusted_geometric_mean_rank_index": 0.3484413720233882,
            "z_arithmetic_mean_rank": 27.541479120167963,
            "adjusted_arithmetic_mean_rank_index": 0.15902547637593845,
            "count": 10000.0,
            "arithmetic_mean_rank": 4558.744140625,
            "harmonic_mean_rank": 198.38748114935237,
            "z_geometric_mean_rank": 34.920390603336884,
            "geometric_mean_rank": 2600.153076171875,
            "z_inverse_harmonic_mean_rank": 33.62228760815894,
            "median_rank": 4320.0,
            "inverse_median_rank": 0.00023148147738538682,
            "standard_deviation": 3257.838623046875,
            "inverse_harmonic_mean_rank": 0.0050406406402587894,
            "inverse_geometric_mean_rank": 0.00038459274219349027,
            "hits_at_1": 0.001,
            "hits_at_3": 0.0044,
            "hits_at_5": 0.0065,
            "hits_at_10": 0.0093,
            "z_hits_at_k": 27.595216506730367,
            "adjusted_hits_at_k": 0.008385242800500618
        },
        "pessimistic": {
            "adjusted_arithmetic_mean_rank": 0.8410042407956677,
            "inverse_arithmetic_mean_rank": 0.0002193585595969348,
            "adjusted_inverse_harmonic_mean_rank": 0.004134062693623274,
            "median_absolute_deviation": 4295.098627010729,
            "variance": 10613516.39778556,
            "adjusted_geometric_mean_rank_index": 0.34844083427782746,
            "z_arithmetic_mean_rank": 27.541413310622744,
            "adjusted_arithmetic_mean_rank_index": 0.15902509638929252,
            "count": 10000.0,
            "arithmetic_mean_rank": 4558.7462,
            "harmonic_mean_rank": 198.38748404611064,
            "z_geometric_mean_rank": 34.92033671109981,
            "geometric_mean_rank": 2600.1552213096547,
            "z_inverse_harmonic_mean_rank": 33.62228700901737,
            "median_rank": 4320.0,
            "inverse_median_rank": 0.0002314814814814815,
            "standard_deviation": 3257.83922221241,
            "inverse_harmonic_mean_rank": 0.005040640566657788,
            "inverse_geometric_mean_rank": 0.00038459242425393234,
            "hits_at_1": 0.001,
            "hits_at_3": 0.0044,
            "hits_at_5": 0.0065,
            "hits_at_10": 0.0093,
            "z_hits_at_k": 27.595216506730367,
            "adjusted_hits_at_k": 0.008385242800500618
        }
    },
    "tail": {
        "optimistic": {
            "adjusted_arithmetic_mean_rank": 0.9154586368273974,
            "inverse_arithmetic_mean_rank": 0.00020156897256868008,
            "adjusted_inverse_harmonic_mean_rank": 0.0020041674500687235,
            "median_absolute_deviation": 4037.125840990754,
            "variance": 9967941.553439,
            "adjusted_geometric_mean_rank_index": 0.15757869563621285,
            "z_arithmetic_mean_rank": 14.644340067455175,
            "adjusted_arithmetic_mean_rank_index": 0.08455696630528842,
            "count": 10000.0,
            "arithmetic_mean_rank": 4961.081,
            "harmonic_mean_rank": 343.301565428968,
            "z_geometric_mean_rank": 15.792360878266166,
            "geometric_mean_rank": 3360.6802217469053,
            "z_inverse_harmonic_mean_rank": 16.297815405412983,
            "median_rank": 4784.0,
            "inverse_median_rank": 0.00020903010033444816,
            "standard_deviation": 3157.2047056595807,
            "inverse_harmonic_mean_rank": 0.002912890882832017,
            "inverse_geometric_mean_rank": 0.0002975588077464249,
            "hits_at_1": 0.0005,
            "hits_at_3": 0.0035,
            "hits_at_5": 0.0039,
            "hits_at_10": 0.0047,
            "z_hits_at_k": 12.440635405684798,
            "adjusted_hits_at_k": 0.003780762585803843
        },
        "realistic": {
            "adjusted_arithmetic_mean_rank": 0.9154590073251365,
            "inverse_arithmetic_mean_rank": 0.00020156889513600618,
            "adjusted_inverse_harmonic_mean_rank": 0.002004166810184334,
            "median_absolute_deviation": 4037.125840990754,
            "variance": 9967942.0,
            "adjusted_geometric_mean_rank_index": 0.1575786459449311,
            "z_arithmetic_mean_rank": 14.6442758894637,
            "adjusted_arithmetic_mean_rank_index": 0.0845565957391694,
            "count": 10000.0,
            "arithmetic_mean_rank": 4961.0830078125,
            "harmonic_mean_rank": 343.3016407745083,
            "z_geometric_mean_rank": 15.79235589826142,
            "geometric_mean_rank": 3360.680419921875,
            "z_inverse_harmonic_mean_rank": 16.29781020189685,
            "median_rank": 4784.0,
            "inverse_median_rank": 0.0002090300986310467,
            "standard_deviation": 3157.204833984375,
            "inverse_harmonic_mean_rank": 0.0029128902435302736,
            "inverse_geometric_mean_rank": 0.00029755878495052457,
            "hits_at_1": 0.0005,
            "hits_at_3": 0.0035,
            "hits_at_5": 0.0039,
            "hits_at_10": 0.0047,
            "z_hits_at_k": 12.440635405684798,
            "adjusted_hits_at_k": 0.003780762585803843
        },
        "pessimistic": {
            "adjusted_arithmetic_mean_rank": 0.9154594487508475,
            "inverse_arithmetic_mean_rank": 0.00020156879379661555,
            "adjusted_inverse_harmonic_mean_rank": 0.002004166468896721,
            "median_absolute_deviation": 4037.125840990754,
            "variance": 9967941.855306841,
            "adjusted_geometric_mean_rank_index": 0.15757753751812875,
            "z_arithmetic_mean_rank": 14.644199425257483,
            "adjusted_arithmetic_mean_rank_index": 0.08455615423198792,
            "count": 10000.0,
            "arithmetic_mean_rank": 4961.0854,
            "harmonic_mean_rank": 343.3016809606868,
            "z_geometric_mean_rank": 15.792244812965265,
            "geometric_mean_rank": 3360.6848404648813,
            "z_inverse_harmonic_mean_rank": 16.29780742655863,
            "median_rank": 4784.0,
            "inverse_median_rank": 0.00020903010033444816,
            "standard_deviation": 3157.204753465768,
            "inverse_harmonic_mean_rank": 0.0029128899025534193,
            "inverse_geometric_mean_rank": 0.00029755839879995135,
            "hits_at_1": 0.0005,